timestamp,frame_differencing,background_subtraction,contour_detection,ssim,mean
2025-03-16 00:59:17,41.75,16.1,43.85,19.29,30.25
2025-03-16 00:59:17,,,,,
2025-03-16 00:59:17,,,,,
2025-03-16 00:59:18,44.6,16.67,46.46,19.05,31.69
2025-03-16 00:59:19,42.72,16.01,43.72,19.07,30.38
2025-03-16 00:59:20,40.93,15.05,42.25,18.49,29.18
2025-03-16 00:59:20,,,,,
2025-03-16 00:59:20,,,,,
2025-03-16 00:59:21,42.09,15.69,43.79,18.77,30.09
2025-03-16 00:59:22,42.46,15.46,44.43,18.37,30.18
2025-03-16 00:59:23,38.77,12.34,39.49,15.19,26.45
2025-03-16 00:59:24,,,,,
2025-03-16 00:59:24,31.11,7.12,32.56,10.02,20.2
2025-03-16 00:59:24,,,,,
2025-03-16 00:59:25,35.54,8.33,38.03,9.65,22.89
2025-03-16 00:59:25,,,,,
2025-03-16 00:59:25,,,,,
2025-03-16 00:59:25,,,,,
2025-03-16 00:59:25,,,,,
2025-03-16 00:59:26,,,,,
2025-03-16 00:59:26,37.4,8.05,39.61,9.52,23.65
2025-03-16 00:59:27,31.25,6.36,33.15,9.35,20.03
2025-03-16 00:59:28,29.77,6.18,31.55,9.21,19.18
2025-03-16 00:59:29,29.13,6.16,30.55,9.49,18.83
2025-03-16 00:59:29,,,,,
2025-03-16 00:59:30,28.78,5.8,29.37,9.46,18.35
2025-03-16 00:59:31,,,,,
2025-03-16 00:59:31,,,,,
2025-03-16 00:59:31,,,,,
2025-03-16 00:59:31,27.93,5.76,29.09,9.58,18.09
2025-03-16 00:59:32,,,,,
2025-03-16 00:59:32,,,,,
2025-03-16 00:59:32,27.71,5.94,27.98,9.5,17.78
2025-03-16 00:59:33,28.4,5.92,29.03,9.48,18.21
2025-03-16 00:59:34,,,,,
2025-03-16 00:59:34,29.42,6.02,30.08,9.43,18.74
2025-03-16 00:59:35,28.72,5.97,29.25,9.32,18.31
2025-03-16 00:59:36,28.17,6.03,28.99,9.48,18.17
2025-03-16 00:59:37,27.93,5.86,28.63,9.35,17.94
2025-03-16 00:59:38,27.28,5.68,27.54,9.34,17.46
2025-03-16 00:59:39,,,,,
2025-03-16 00:59:39,26.39,5.84,26.51,9.41,17.04
2025-03-16 00:59:40,27.85,5.91,28.33,9.29,17.84
2025-03-16 00:59:41,27.98,5.68,28.7,9.33,17.92
2025-03-16 00:59:42,27.77,5.78,28.1,9.45,17.78
2025-03-16 00:59:44,26.43,5.88,26.48,9.41,17.05
2025-03-16 00:59:45,28.01,5.95,28.83,9.35,18.04
2025-03-16 00:59:45,,,,,
2025-03-16 00:59:46,26.45,5.92,26.53,9.37,17.07
2025-03-16 00:59:46,,,,,
2025-03-16 00:59:46,,,,,
2025-03-16 00:59:47,25.08,5.62,24.87,9.01,16.15
2025-03-16 00:59:48,,,,,
2025-03-16 00:59:48,,,,,
2025-03-16 00:59:48,23.78,5.43,23.63,8.8,15.41
2025-03-16 00:59:48,,,,,
2025-03-16 00:59:48,,,,,
2025-03-16 00:59:49,22.82,5.06,22.9,8.83,14.9
2025-03-16 00:59:50,22.74,5.23,22.88,8.81,14.92
2025-03-16 00:59:50,,,,,
2025-03-16 00:59:50,,,,,
2025-03-16 00:59:51,,,,,
2025-03-16 00:59:51,,,,,
2025-03-16 00:59:51,,,,,
2025-03-16 00:59:51,22.74,5.39,22.95,8.96,15.01
2025-03-16 00:59:52,21.88,4.93,21.93,8.58,14.33
2025-03-16 00:59:53,22.14,4.94,21.75,8.2,14.26
2025-03-16 00:59:54,22.94,5.25,22.38,8.43,14.75
2025-03-16 00:59:55,22.69,5.06,22.25,8.42,14.61
2025-03-16 00:59:56,23.04,5.03,22.51,8.4,14.74
2025-03-16 00:59:57,23.11,5.09,22.71,8.45,14.84
2025-03-16 00:59:58,24.17,5.18,23.66,8.37,15.34
2025-03-16 00:59:59,41.79,11.11,41.47,11.06,26.36
2025-03-16 01:00:00,3.49,0.0,3.08,10.36,4.23
2025-03-16 01:00:01,0.02,0.0,0.0,14.6,3.65
2025-03-16 01:00:02,,,,,
2025-03-16 01:00:02,,,,,
2025-03-16 01:00:02,0.02,0.0,0.0,13.94,3.49
2025-03-16 01:00:03,0.02,0.0,0.0,23.24,5.81
2025-03-16 01:00:04,,,,,
2025-03-16 01:00:04,0.02,0.0,0.0,12.98,3.25
2025-03-16 01:00:05,,,,,
2025-03-16 01:00:05,0.01,0.0,0.0,22.51,5.63
2025-03-16 01:00:05,,,,,
2025-03-16 01:00:06,,,,,
2025-03-16 01:00:06,,,,,
2025-03-16 01:00:06,0.02,0.0,0.0,22.99,5.75
2025-03-16 01:00:07,0.01,0.0,0.0,22.61,5.66
2025-03-16 01:00:07,,,,,
2025-03-16 01:00:08,0.01,0.0,0.0,22.66,5.67
2025-03-16 01:00:09,,,,,
2025-03-16 01:00:09,,,,,
2025-03-16 01:00:09,0.01,0.0,0.0,22.26,5.57
2025-03-16 01:00:10,,,,,
2025-03-16 01:00:10,,,,,
2025-03-16 01:00:10,,,,,
2025-03-16 01:00:10,,,,,
2025-03-16 01:00:10,,,,,
2025-03-16 01:00:10,,,,,
2025-03-16 01:00:10,0.01,0.0,0.0,22.45,5.61
2025-03-16 01:00:11,0.01,0.0,0.0,22.75,5.69
2025-03-16 01:00:12,,,,,
2025-03-16 01:00:12,0.01,0.0,0.0,22.88,5.72
2025-03-16 01:00:14,0.01,0.0,0.0,22.69,5.68
2025-03-16 01:00:14,,,,,
2025-03-16 01:00:14,,,,,
2025-03-16 01:00:14,,,,,
2025-03-16 01:00:14,,,,,
2025-03-16 01:00:14,,,,,
2025-03-16 01:00:14,,,,,
2025-03-16 01:00:15,0.01,0.0,0.0,22.65,5.66
2025-03-16 01:00:16,0.0,0.0,0.0,38.11,9.53
2025-03-16 01:00:16,,,,,
2025-03-16 01:00:17,0.0,0.0,0.0,37.54,9.39
2025-03-16 01:00:18,0.01,0.0,0.0,23.15,5.79
2025-03-16 01:00:19,0.02,0.0,0.0,23.85,5.97
2025-03-16 01:00:20,0.02,0.0,0.0,23.98,6.0
2025-03-16 01:00:21,0.04,0.0,0.0,14.63,3.67
2025-03-16 01:00:21,,,,,
2025-03-16 01:00:22,,,,,
2025-03-16 01:00:22,,,,,
2025-03-16 01:00:22,0.03,0.0,0.0,9.09,2.28
2025-03-16 01:00:23,0.03,0.0,0.0,9.16,2.3
2025-03-16 01:00:24,0.04,0.0,0.0,5.98,1.5
2025-03-16 01:00:24,,,,,
2025-03-16 01:00:25,0.03,0.0,0.0,8.82,2.21
2025-03-16 01:00:26,0.02,0.0,0.0,14.2,3.55
2025-03-16 01:00:27,0.58,0.32,0.37,0.4,0.42
2025-03-16 01:00:27,,,,,
2025-03-16 01:00:27,,,,,
2025-03-16 01:00:28,28.12,15.95,28.43,17.11,22.4
2025-03-16 01:00:29,29.73,17.62,29.19,20.95,24.37
2025-03-16 01:00:29,,,,,
2025-03-16 01:00:30,42.56,23.85,41.63,26.28,33.58
2025-03-16 01:00:31,32.94,25.02,32.19,26.25,29.1
2025-03-16 01:00:32,32.92,21.97,32.06,23.42,27.59
2025-03-16 01:00:33,28.29,16.53,27.38,19.58,22.95
2025-03-16 01:00:34,59.94,37.5,62.73,42.04,50.56
2025-03-16 01:00:35,28.2,6.89,28.37,21.96,21.36
2025-03-16 01:00:36,36.4,8.15,39.24,18.56,25.59
2025-03-16 01:00:37,35.25,6.99,36.78,18.23,24.31
2025-03-16 01:00:37,,,,,
2025-03-16 01:00:38,,,,,
2025-03-16 01:00:38,26.97,6.57,28.74,19.27,20.39
2025-03-16 01:00:39,23.34,5.92,24.46,19.65,18.34
2025-03-16 01:00:40,21.33,5.15,21.37,18.76,16.65
2025-03-16 01:00:41,,,,,
2025-03-16 01:00:41,,,,,
2025-03-16 01:00:41,18.42,5.85,18.16,18.6,15.26
2025-03-16 01:00:43,16.09,3.22,14.85,17.82,13.0
2025-03-16 01:00:44,19.6,3.39,19.51,18.31,15.2
2025-03-16 01:00:45,22.87,4.48,22.77,18.36,17.12
2025-03-16 01:00:46,24.45,5.13,24.3,18.42,18.07
2025-03-16 01:00:47,29.12,6.64,28.97,19.18,20.98
2025-03-16 01:00:48,28.99,6.44,28.9,18.96,20.83
2025-03-16 01:00:48,,,,,
2025-03-16 01:00:48,,,,,
2025-03-16 01:00:49,29.42,6.23,29.27,18.87,20.95
2025-03-16 01:00:50,29.16,6.24,28.88,18.82,20.78
2025-03-16 01:00:51,25.77,5.18,26.96,18.55,19.12
2025-03-16 01:00:52,22.03,4.55,22.93,17.82,16.83
2025-03-16 01:00:53,26.85,5.51,27.49,18.33,19.55
2025-03-16 01:00:54,34.81,7.49,36.22,18.97,24.37
2025-03-16 01:00:55,47.66,20.42,52.3,21.14,35.38
2025-03-16 01:00:55,,,,,
2025-03-16 01:00:56,37.51,11.1,38.96,20.86,27.11
2025-03-16 01:00:56,,,,,
2025-03-16 01:00:56,,,,,
2025-03-16 01:00:57,48.64,25.15,53.6,23.9,37.83
2025-03-16 01:00:58,,,,,
2025-03-16 01:00:58,47.77,24.69,53.06,23.69,37.3
2025-03-16 01:00:59,41.86,16.0,45.3,22.94,31.53
2025-03-16 01:01:00,40.51,13.56,43.82,22.84,30.18
2025-03-16 01:01:01,45.17,18.29,51.78,23.84,34.77
2025-03-16 01:01:02,,,,,
2025-03-16 01:01:02,,,,,
2025-03-16 01:01:02,,,,,
2025-03-16 01:01:02,,,,,
2025-03-16 01:01:02,47.15,21.93,51.11,24.35,36.14
2025-03-16 01:01:03,49.11,25.59,52.77,24.8,38.07
2025-03-16 01:01:04,47.29,23.13,50.47,24.3,36.3
2025-03-16 01:01:05,47.43,24.37,51.34,24.11,36.81
2025-03-16 01:01:06,46.93,23.45,50.18,24.19,36.19
2025-03-16 01:01:07,,,,,
2025-03-16 01:01:07,43.82,17.65,46.9,23.26,32.91
2025-03-16 01:01:08,38.57,11.7,39.13,22.25,27.91
2025-03-16 01:01:09,32.75,6.7,32.83,20.43,23.18
2025-03-16 01:01:10,21.22,3.52,21.93,17.08,15.94
2025-03-16 01:01:11,,,,,
2025-03-16 01:01:11,,,,,
2025-03-16 01:01:11,16.69,2.72,17.02,17.63,13.52
2025-03-16 01:01:12,,,,,
2025-03-16 01:01:12,18.06,2.53,17.7,18.36,14.16
2025-03-16 01:01:13,19.09,2.89,19.09,17.1,14.54
2025-03-16 01:01:14,,,,,
2025-03-16 01:01:14,19.97,2.85,19.37,17.07,14.81
2025-03-16 01:01:15,18.15,2.6,17.62,17.86,14.06
2025-03-16 01:01:16,21.12,3.66,21.19,16.98,15.74
2025-03-16 01:01:18,23.37,4.26,23.24,17.78,17.16
2025-03-16 01:01:19,24.75,4.57,24.75,17.26,17.84
2025-03-16 01:01:20,25.63,4.78,25.55,17.25,18.3
2025-03-16 01:01:21,25.12,4.51,25.02,17.1,17.94
2025-03-16 01:01:22,24.49,4.41,25.05,16.89,17.71
2025-03-16 01:01:22,,,,,
2025-03-16 01:01:22,,,,,
2025-03-16 01:01:22,,,,,
2025-03-16 01:01:22,,,,,
2025-03-16 01:01:23,22.41,3.93,23.35,16.58,16.57
2025-03-16 01:01:23,,,,,
2025-03-16 01:01:23,,,,,
2025-03-16 01:01:23,,,,,
2025-03-16 01:01:23,,,,,
2025-03-16 01:01:24,21.06,3.51,21.61,16.29,15.62
2025-03-16 01:01:25,18.43,2.59,18.51,16.64,14.04
2025-03-16 01:01:26,17.28,2.37,17.63,16.5,13.45
2025-03-16 01:01:27,17.98,2.45,17.32,16.58,13.59
2025-03-16 01:01:27,,,,,
2025-03-16 01:01:28,,,,,
2025-03-16 01:01:28,18.46,2.61,18.56,16.51,14.03
2025-03-16 01:01:28,,,,,
2025-03-16 01:01:28,,,,,
2025-03-16 01:01:29,18.72,2.59,18.35,16.34,14.0
2025-03-16 01:01:30,18.94,2.66,18.96,16.58,14.29
2025-03-16 01:01:31,,,,,
2025-03-16 01:01:31,21.43,3.48,22.11,16.93,15.99
2025-03-16 01:01:31,,,,,
2025-03-16 01:01:31,,,,,
2025-03-16 01:01:32,,,,,
2025-03-16 01:01:32,20.74,3.17,21.22,16.6,15.43
2025-03-16 01:01:33,18.79,2.46,18.32,16.75,14.08
2025-03-16 01:01:34,18.49,2.4,18.19,16.52,13.9
2025-03-16 01:01:35,18.62,2.54,18.34,16.51,14.0
2025-03-16 01:01:36,18.77,2.76,18.72,16.38,14.16
2025-03-16 01:01:36,,,,,
2025-03-16 01:01:37,18.46,2.68,17.62,16.48,13.81
2025-03-16 01:01:38,20.21,3.1,20.97,16.55,15.21
2025-03-16 01:01:39,20.99,3.24,21.89,16.56,15.67
2025-03-16 01:01:40,24.02,8.41,24.49,19.11,19.01
2025-03-16 01:01:41,32.18,11.4,33.11,24.14,25.21
2025-03-16 01:01:42,33.13,7.49,34.46,19.96,23.76
2025-03-16 01:01:43,19.66,3.32,20.6,17.08,15.16
2025-03-16 01:01:44,,,,,
2025-03-16 01:01:44,20.06,3.19,20.39,16.81,15.11
2025-03-16 01:01:44,,,,,
2025-03-16 01:01:44,,,,,
2025-03-16 01:01:45,22.88,4.0,23.42,17.31,16.9
2025-03-16 01:01:46,22.96,4.1,24.37,16.93,17.09
2025-03-16 01:01:47,20.88,3.55,22.23,16.92,15.89
2025-03-16 01:01:48,,,,,
2025-03-16 01:01:48,19.44,3.0,20.25,17.03,14.93
2025-03-16 01:01:49,17.34,2.68,17.96,17.23,13.8
2025-03-16 01:01:50,17.42,2.59,17.42,17.23,13.66
2025-03-16 01:01:52,17.55,2.55,17.31,16.91,13.58
2025-03-16 01:01:53,17.39,2.99,16.74,16.81,13.48
2025-03-16 01:01:54,17.63,2.69,16.7,16.9,13.48
2025-03-16 01:01:55,20.65,3.67,21.24,17.31,15.72
2025-03-16 01:01:56,21.17,3.83,21.69,17.13,15.96
2025-03-16 01:01:57,23.25,4.31,22.72,17.3,16.9
2025-03-16 01:01:57,,,,,
2025-03-16 01:01:58,21.78,3.81,22.29,16.98,16.22
2025-03-16 01:01:59,20.18,3.38,20.84,17.28,15.42
2025-03-16 01:02:00,19.79,3.24,19.94,17.14,15.03
2025-03-16 01:02:00,,,,,
2025-03-16 01:02:00,,,,,
2025-03-16 01:02:00,,,,,
2025-03-16 01:02:01,18.91,2.94,18.3,17.19,14.33
2025-03-16 01:02:01,,,,,
2025-03-16 01:02:02,20.7,3.41,21.15,17.1,15.59
2025-03-16 01:02:03,,,,,
2025-03-16 01:02:03,20.65,3.39,21.35,17.23,15.65
2025-03-16 01:02:04,20.15,3.21,20.77,17.06,15.3
2025-03-16 01:02:04,,,,,
2025-03-16 01:02:05,19.75,2.97,19.47,17.05,14.81
2025-03-16 01:02:06,20.22,3.47,19.8,17.06,15.14
2025-03-16 01:02:07,25.04,4.75,25.63,17.41,18.21
2025-03-16 01:02:08,25.76,4.69,25.25,17.58,18.32
2025-03-16 01:02:09,26.07,4.53,26.36,17.39,18.59
2025-03-16 01:02:09,,,,,
2025-03-16 01:02:09,,,,,
2025-03-16 01:02:10,24.48,4.2,25.01,17.6,17.82
2025-03-16 01:02:11,,,,,
2025-03-16 01:02:11,,,,,
2025-03-16 01:02:11,23.56,4.23,23.79,17.5,17.27
2025-03-16 01:02:12,23.36,4.55,24.24,17.19,17.34
2025-03-16 01:02:13,44.11,13.85,45.2,21.1,31.06
2025-03-16 01:02:14,36.75,7.98,39.27,19.88,25.97
2025-03-16 01:02:15,44.25,17.79,44.78,30.07,34.22
2025-03-16 01:02:16,33.4,8.81,33.29,23.07,24.64
2025-03-16 01:02:17,,,,,
2025-03-16 01:02:17,32.74,7.35,33.51,20.68,23.57
2025-03-16 01:02:18,,,,,
2025-03-16 01:02:19,36.33,11.09,36.16,21.32,26.22
2025-03-16 01:02:20,32.74,8.79,33.33,19.65,23.63
2025-03-16 01:02:21,33.31,10.18,33.9,22.13,24.88
2025-03-16 01:02:21,,,,,
2025-03-16 01:02:22,74.91,37.26,81.06,28.61,55.46
2025-03-16 01:02:22,,,,,
2025-03-16 01:02:23,26.34,14.7,25.8,27.57,23.6
2025-03-16 01:02:24,25.62,14.65,25.23,28.16,23.42
2025-03-16 01:02:24,,,,,
2025-03-16 01:02:25,25.75,14.98,25.58,28.62,23.73
2025-03-16 01:02:26,28.6,17.04,27.84,29.84,25.83
2025-03-16 01:02:27,27.05,15.11,26.7,26.13,23.75
2025-03-16 01:02:28,,,,,
2025-03-16 01:02:28,,,,,
2025-03-16 01:02:28,,,,,
2025-03-16 01:02:28,35.99,15.68,35.42,26.01,28.27
2025-03-16 01:02:29,33.58,14.46,33.0,25.33,26.59
2025-03-16 01:02:30,50.14,18.74,51.88,27.9,37.17
2025-03-16 01:02:31,,,,,
2025-03-16 01:02:31,,,,,
2025-03-16 01:02:31,,,,,
2025-03-16 01:02:31,51.65,15.85,53.28,25.35,36.53
2025-03-16 01:02:32,60.07,31.35,65.06,25.79,45.57
2025-03-16 01:02:32,,,,,
2025-03-16 01:02:33,67.91,21.77,74.03,28.39,48.02
2025-03-16 01:02:34,,,,,
2025-03-16 01:02:34,20.75,10.68,19.99,25.59,19.25
2025-03-16 01:02:34,,,,,
2025-03-16 01:02:35,36.14,13.18,36.33,24.1,27.44
2025-03-16 01:02:36,39.91,12.99,39.88,23.83,29.15
2025-03-16 01:02:37,35.44,11.71,36.64,24.36,27.04
2025-03-16 01:02:37,,,,,
2025-03-16 01:02:38,,,,,
2025-03-16 01:02:38,,,,,
2025-03-16 01:02:38,35.18,15.32,35.18,25.7,27.84
2025-03-16 01:02:39,38.54,8.88,39.05,20.16,26.66
2025-03-16 01:02:40,40.41,11.71,41.33,20.83,28.57
2025-03-16 01:02:41,38.47,16.36,38.25,27.28,30.09
2025-03-16 01:02:42,,,,,
2025-03-16 01:02:42,37.38,19.64,37.38,27.58,30.49
2025-03-16 01:02:43,37.35,11.79,38.53,23.25,27.73
2025-03-16 01:02:44,40.37,13.04,41.5,22.55,29.36
2025-03-16 01:02:45,42.89,12.71,45.09,18.71,29.85
2025-03-16 01:02:46,,,,,
2025-03-16 01:02:46,,,,,
2025-03-16 01:02:46,,,,,
2025-03-16 01:02:47,5.32,0.01,4.37,14.91,6.15
2025-03-16 01:02:47,,,,,
2025-03-16 01:02:48,5.18,0.01,4.24,15.5,6.23
2025-03-16 01:02:48,,,,,
2025-03-16 01:02:49,,,,,
2025-03-16 01:02:49,5.32,0.09,4.37,15.6,6.35
2025-03-16 01:02:50,5.32,0.1,4.36,15.65,6.36
2025-03-16 01:02:50,,,,,
2025-03-16 01:02:50,,,,,
2025-03-16 01:02:51,5.42,0.11,4.5,15.89,6.48
2025-03-16 01:02:51,,,,,
2025-03-16 01:02:52,5.73,0.12,4.89,16.39,6.78
2025-03-16 01:02:53,5.48,0.16,4.48,15.74,6.46
2025-03-16 01:02:53,,,,,
2025-03-16 01:02:53,,,,,
2025-03-16 01:02:53,,,,,
2025-03-16 01:02:53,,,,,
2025-03-16 01:02:54,,,,,
2025-03-16 01:02:54,,,,,
2025-03-16 01:02:54,5.44,0.02,4.55,16.06,6.52
2025-03-16 01:02:55,,,,,
2025-03-16 01:02:55,26.36,18.98,26.47,28.09,24.98
2025-03-16 01:02:56,46.22,15.13,46.99,26.01,33.59
2025-03-16 01:02:57,42.5,14.28,43.58,27.69,32.01
2025-03-16 01:02:58,52.4,22.75,56.15,24.02,38.83
2025-03-16 01:02:59,37.25,19.45,37.33,26.54,30.14
2025-03-16 01:03:00,19.81,6.63,20.09,21.14,16.92
2025-03-16 01:03:01,29.63,7.29,30.59,21.26,22.19
2025-03-16 01:03:02,,,,,
2025-03-16 01:03:02,,,,,
2025-03-16 01:03:02,37.55,9.87,38.87,22.33,27.15
2025-03-16 01:03:03,,,,,
2025-03-16 01:03:03,40.84,10.92,41.76,21.75,28.82
2025-03-16 01:03:04,41.12,11.86,41.81,22.29,29.27
2025-03-16 01:03:05,42.32,12.79,43.62,23.62,30.58
2025-03-16 01:03:05,,,,,
2025-03-16 01:03:05,,,,,
2025-03-16 01:03:06,42.7,12.78,44.52,23.26,30.81
2025-03-16 01:03:07,,,,,
2025-03-16 01:03:07,,,,,
2025-03-16 01:03:07,79.69,35.77,93.81,25.1,58.59
2025-03-16 01:03:07,,,,,
2025-03-16 01:03:08,,,,,
2025-03-16 01:03:08,31.62,10.15,32.14,24.16,24.52
2025-03-16 01:03:09,38.35,11.18,38.47,24.05,28.02
2025-03-16 01:03:10,35.53,8.42,36.24,22.08,25.57
2025-03-16 01:03:11,,,,,
2025-03-16 01:03:11,,,,,
2025-03-16 01:03:11,,,,,
2025-03-16 01:03:11,35.46,9.13,35.85,22.52,25.74
2025-03-16 01:03:12,,,,,
2025-03-16 01:03:12,,,,,
2025-03-16 01:03:12,38.41,10.44,38.69,23.3,27.71
2025-03-16 01:03:13,39.28,11.18,40.15,21.95,28.14
2025-03-16 01:03:14,38.97,10.93,39.69,22.23,27.95
2025-03-16 01:03:15,,,,,
2025-03-16 01:03:15,39.46,10.74,40.74,22.02,28.24
2025-03-16 01:03:16,39.42,10.74,40.96,22.24,28.34
2025-03-16 01:03:18,40.62,11.83,42.06,23.63,29.54
2025-03-16 01:03:18,,,,,
2025-03-16 01:03:18,,,,,
2025-03-16 01:03:18,,,,,
2025-03-16 01:03:19,33.92,7.37,34.08,19.19,23.64
2025-03-16 01:03:20,23.45,3.64,24.31,20.64,18.01
2025-03-16 01:03:20,,,,,
2025-03-16 01:03:21,23.66,3.72,24.3,21.28,18.24
2025-03-16 01:03:21,,,,,
2025-03-16 01:03:21,,,,,
2025-03-16 01:03:21,,,,,
2025-03-16 01:03:21,,,,,
2025-03-16 01:03:22,25.08,4.03,26.25,21.32,19.17
2025-03-16 01:03:22,,,,,
2025-03-16 01:03:23,25.37,4.07,26.06,21.36,19.21
2025-03-16 01:03:24,24.8,4.02,25.83,21.48,19.03
2025-03-16 01:03:24,,,,,
2025-03-16 01:03:24,,,,,
2025-03-16 01:03:25,24.89,3.92,25.75,21.49,19.01
2025-03-16 01:03:25,,,,,
2025-03-16 01:03:26,25.98,4.34,27.18,21.51,19.75
2025-03-16 01:03:27,21.44,3.11,21.42,21.6,16.89
2025-03-16 01:03:28,19.47,2.58,19.67,20.99,15.68
2025-03-16 01:03:28,,,,,
2025-03-16 01:03:29,21.79,3.0,22.15,21.21,17.03
2025-03-16 01:03:30,23.07,3.34,24.24,21.77,18.1
2025-03-16 01:03:31,23.25,3.49,24.2,21.42,18.09
2025-03-16 01:03:32,32.14,7.2,33.48,24.9,24.43
2025-03-16 01:03:33,40.1,9.65,43.55,25.04,29.59
2025-03-16 01:03:34,38.8,16.16,41.4,28.04,31.1
2025-03-16 01:03:35,,,,,
2025-03-16 01:03:35,,,,,
2025-03-16 01:03:35,31.55,11.87,33.57,24.93,25.48
2025-03-16 01:03:36,38.38,9.98,41.17,25.61,28.78
2025-03-16 01:03:37,,,,,
2025-03-16 01:03:37,39.83,10.48,40.74,25.72,29.19
2025-03-16 01:03:38,38.41,9.88,,25.45,24.58
2025-03-16 01:03:39,37.82,9.66,,25.59,24.35
2025-03-16 01:03:40,36.41,9.14,,25.2,23.58
2025-03-16 01:03:41,,,,,
2025-03-16 01:03:41,,,,,
2025-03-16 01:03:41,37.36,8.97,,25.5,23.94
2025-03-16 01:03:42,,,,,
2025-03-16 01:03:42,33.7,8.82,,25.21,22.58
2025-03-16 01:03:43,28.81,7.69,,24.62,20.37
2025-03-16 01:03:44,27.61,7.75,,24.57,19.98
2025-03-16 01:03:45,,,,,
2025-03-16 01:03:45,29.35,8.46,,24.64,20.82
2025-03-16 01:03:46,29.1,8.49,,24.73,20.77
2025-03-16 01:03:47,37.07,9.43,,25.52,24.01
2025-03-16 01:03:49,39.92,9.33,43.26,25.51,29.5
2025-03-16 01:03:50,39.28,9.36,42.47,25.51,29.15
2025-03-16 01:03:51,39.11,8.89,41.98,24.97,28.73
2025-03-16 01:03:51,,,,,
2025-03-16 01:03:52,40.94,9.67,44.2,25.62,30.11
2025-03-16 01:03:53,40.02,9.42,41.25,25.45,29.04
2025-03-16 01:03:54,39.34,9.38,40.72,25.49,28.73
2025-03-16 01:03:55,38.51,9.02,39.1,25.36,28.0
2025-03-16 01:03:55,,,,,
2025-03-16 01:03:56,36.77,8.29,38.14,25.06,27.06
2025-03-16 01:03:57,33.92,7.81,35.02,24.69,25.36
2025-03-16 01:03:57,,,,,
2025-03-16 01:03:58,32.61,8.43,33.66,26.21,25.23
2025-03-16 01:03:59,31.86,7.36,32.43,24.97,24.16
2025-03-16 01:04:00,33.34,8.29,34.32,25.86,25.45
2025-03-16 01:04:01,31.87,10.12,32.9,25.58,25.12
2025-03-16 01:04:01,,,,,
2025-03-16 01:04:02,37.71,11.22,41.97,26.55,29.36
2025-03-16 01:04:02,,,,,
2025-03-16 01:04:03,41.7,10.81,43.42,25.9,30.46
2025-03-16 01:04:04,41.35,9.36,44.71,23.74,29.79
2025-03-16 01:04:05,42.94,10.28,44.25,24.44,30.47
2025-03-16 01:04:06,41.6,10.02,42.94,24.71,29.82
2025-03-16 01:04:07,35.33,9.27,36.45,23.98,26.26
2025-03-16 01:04:08,31.56,8.61,32.68,24.73,24.4
2025-03-16 01:04:09,34.94,8.04,35.65,24.53,25.79
2025-03-16 01:04:10,,,,,
2025-03-16 01:04:10,40.01,9.62,41.1,25.61,29.08
2025-03-16 01:04:11,41.09,9.59,44.31,24.85,29.96
2025-03-16 01:04:12,38.55,8.5,41.42,24.94,28.36
2025-03-16 01:04:12,,,,,
2025-03-16 01:04:13,,,,,
2025-03-16 01:04:13,39.17,9.19,42.15,25.5,29.0
2025-03-16 01:04:14,,,,,
2025-03-16 01:04:14,,,,,
2025-03-16 01:04:14,,,,,
2025-03-16 01:04:14,39.96,8.88,42.89,25.04,29.19
2025-03-16 01:04:15,38.48,8.84,41.61,25.16,28.52
2025-03-16 01:04:16,,,,,
2025-03-16 01:04:16,37.5,8.93,40.93,25.75,28.28
2025-03-16 01:04:17,24.67,3.61,25.74,21.99,19.0
2025-03-16 01:04:18,,,,,
2025-03-16 01:04:18,20.61,3.16,21.58,22.05,16.85
2025-03-16 01:04:19,21.52,3.4,21.81,22.21,17.24
2025-03-16 01:04:21,24.53,3.93,24.91,23.08,19.11
2025-03-16 01:04:21,,,,,
2025-03-16 01:04:22,25.05,4.24,25.79,22.73,19.45
2025-03-16 01:04:23,26.97,4.76,27.78,22.45,20.49
2025-03-16 01:04:24,28.21,5.01,29.3,22.63,21.29
2025-03-16 01:04:25,28.68,4.94,29.68,22.48,21.45
2025-03-16 01:04:26,29.72,5.25,30.97,22.56,22.12
2025-03-16 01:04:27,29.43,5.1,30.3,22.55,21.84
2025-03-16 01:04:27,,,,,
2025-03-16 01:04:28,27.86,4.73,28.9,22.48,20.99
2025-03-16 01:04:29,26.35,4.31,27.38,22.7,20.18
2025-03-16 01:04:30,,,,,
2025-03-16 01:04:30,24.01,3.92,24.05,22.81,18.7
2025-03-16 01:04:30,,,,,
2025-03-16 01:04:30,,,,,
2025-03-16 01:04:31,23.64,3.61,23.76,22.77,18.44
2025-03-16 01:04:32,22.07,2.92,22.5,21.96,17.36
2025-03-16 01:04:33,19.43,2.04,19.59,19.25,15.08
2025-03-16 01:04:34,17.03,1.81,16.92,19.89,13.91
2025-03-16 01:04:35,,,,,
2025-03-16 01:04:35,,,,,
2025-03-16 01:04:35,,,,,
2025-03-16 01:04:35,15.96,1.78,15.97,20.13,13.46
2025-03-16 01:04:36,,,,,
2025-03-16 01:04:36,,,,,
2025-03-16 01:04:36,,,,,
2025-03-16 01:04:36,17.83,2.33,18.23,20.6,14.75
2025-03-16 01:04:37,,,,,
2025-03-16 01:04:37,20.55,2.64,20.31,20.57,16.02
2025-03-16 01:04:38,19.98,2.2,19.91,20.38,15.62
2025-03-16 01:04:38,,,,,
2025-03-16 01:04:38,,,,,
2025-03-16 01:04:39,19.56,2.19,19.33,20.28,15.34
2025-03-16 01:04:40,,,,,
2025-03-16 01:04:40,19.36,3.46,19.8,20.87,15.87
2025-03-16 01:04:41,18.93,3.29,18.93,20.91,15.51
2025-03-16 01:04:42,19.15,3.3,19.43,21.2,15.77
2025-03-16 01:04:44,18.54,2.81,18.81,20.05,15.06
2025-03-16 01:04:44,,,,,
2025-03-16 01:04:45,18.09,2.46,18.19,19.9,14.66
2025-03-16 01:04:46,17.62,2.11,18.1,19.91,14.43
2025-03-16 01:04:46,,,,,
2025-03-16 01:04:46,,,,,
2025-03-16 01:04:47,18.11,2.76,18.61,20.21,14.92
2025-03-16 01:04:48,13.49,2.43,13.18,20.95,12.51
2025-03-16 01:04:49,12.92,2.67,12.44,20.8,12.2
2025-03-16 01:04:50,17.47,3.98,17.22,22.76,15.36
2025-03-16 01:04:51,27.03,5.93,27.63,23.32,20.98
2025-03-16 01:04:51,,,,,
2025-03-16 01:04:51,,,,,
2025-03-16 01:04:51,,,,,
2025-03-16 01:04:51,,,,,
2025-03-16 01:04:52,,,,,
2025-03-16 01:04:52,30.24,6.28,32.39,23.7,23.15
2025-03-16 01:04:52,,,,,
2025-03-16 01:04:53,21.54,8.91,21.87,23.94,19.07
2025-03-16 01:04:54,18.5,7.92,18.45,22.99,16.97
2025-03-16 01:04:54,,,,,
2025-03-16 01:04:55,17.36,6.48,17.23,23.52,16.15
2025-03-16 01:04:56,17.07,4.41,17.16,22.46,15.27
2025-03-16 01:04:57,19.28,4.51,19.67,22.43,16.47
2025-03-16 01:04:58,20.03,3.21,20.54,21.24,16.25
2025-03-16 01:04:59,22.54,4.59,22.63,22.01,17.94
2025-03-16 01:05:00,20.11,3.7,19.78,21.98,16.39
2025-03-16 01:05:01,20.71,4.05,20.67,21.65,16.77
2025-03-16 01:05:02,20.53,3.93,20.86,22.11,16.86
2025-03-16 01:05:03,,,,,
2025-03-16 01:05:03,19.95,3.86,20.98,21.87,16.67
2025-03-16 01:05:04,,,,,
2025-03-16 01:05:04,,,,,
2025-03-16 01:05:04,,,,,
2025-03-16 01:05:04,22.15,5.74,22.37,22.87,18.28
2025-03-16 01:05:05,,,,,
2025-03-16 01:05:05,,,,,
2025-03-16 01:05:05,16.04,4.89,15.82,21.31,14.52
2025-03-16 01:05:06,19.9,3.52,20.27,21.74,16.36
2025-03-16 01:05:07,19.19,3.99,19.72,22.32,16.3
2025-03-16 01:05:08,,,,,
2025-03-16 01:05:08,20.96,5.05,21.14,22.46,17.4
2025-03-16 01:05:09,20.67,3.48,20.95,21.36,16.61
2025-03-16 01:05:10,19.46,3.19,19.43,20.97,15.76
2025-03-16 01:05:11,19.15,2.67,19.42,20.33,15.39
2025-03-16 01:05:13,21.11,4.79,21.32,22.2,17.36
2025-03-16 01:05:14,38.94,12.36,39.14,26.96,29.35
2025-03-16 01:05:15,31.3,6.97,31.78,21.98,23.01
2025-03-16 01:05:16,48.57,21.16,50.7,26.37,36.7
2025-03-16 01:05:16,,,,,
2025-03-16 01:05:17,6.22,0.1,5.48,17.21,7.25
2025-03-16 01:05:18,5.86,0.01,5.17,17.23,7.07
2025-03-16 01:05:19,5.81,0.01,5.07,17.22,7.03
2025-03-16 01:05:19,,,,,
2025-03-16 01:05:20,5.81,0.01,5.16,17.08,7.02
2025-03-16 01:05:20,,,,,
2025-03-16 01:05:20,,,,,
2025-03-16 01:05:21,6.0,0.21,5.3,17.21,7.18
2025-03-16 01:05:22,27.68,20.52,27.68,33.42,27.32
2025-03-16 01:05:23,32.1,9.36,32.02,25.93,24.85
2025-03-16 01:05:24,13.41,2.04,13.12,19.64,12.05
2025-03-16 01:05:25,19.83,4.54,19.88,22.76,16.75
2025-03-16 01:05:25,,,,,
2025-03-16 01:05:26,27.56,6.49,27.57,24.13,21.44
2025-03-16 01:05:26,,,,,
2025-03-16 01:05:26,,,,,
2025-03-16 01:05:27,,,,,
2025-03-16 01:05:27,32.06,7.74,33.36,24.94,24.53
2025-03-16 01:05:27,,,,,
2025-03-16 01:05:27,,,,,
2025-03-16 01:05:28,32.42,7.86,33.44,24.97,24.67
2025-03-16 01:05:29,36.71,9.06,37.77,25.31,27.21
2025-03-16 01:05:30,37.31,9.33,38.21,25.31,27.54
2025-03-16 01:05:31,35.77,8.86,39.12,25.08,27.21
2025-03-16 01:05:32,35.83,8.69,39.17,24.94,27.16
2025-03-16 01:05:33,34.7,8.35,36.1,25.1,26.06
2025-03-16 01:05:34,,,,,
2025-03-16 01:05:34,,,,,
2025-03-16 01:05:34,31.18,7.45,32.6,24.37,23.9
2025-03-16 01:05:35,21.7,3.08,22.12,20.32,16.8
2025-03-16 01:05:36,,,,,
2025-03-16 01:05:36,,,,,
2025-03-16 01:05:36,,,,,
2025-03-16 01:05:36,,,,,
2025-03-16 01:05:36,16.61,2.1,16.45,19.69,13.71
2025-03-16 01:05:37,,,,,
2025-03-16 01:05:37,,,,,
2025-03-16 01:05:37,,,,,
2025-03-16 01:05:37,15.76,1.93,16.01,19.73,13.36
2025-03-16 01:05:38,16.26,1.93,16.24,19.96,13.6
2025-03-16 01:05:40,16.68,1.99,17.18,19.8,13.91
2025-03-16 01:05:41,16.53,2.02,16.82,19.78,13.79
2025-03-16 01:05:42,16.34,2.0,16.1,19.84,13.57
2025-03-16 01:05:42,,,,,
2025-03-16 01:05:42,,,,,
2025-03-16 01:05:42,,,,,
2025-03-16 01:05:42,,,,,
2025-03-16 01:05:42,,,,,
2025-03-16 01:05:43,16.3,1.95,16.29,20.0,13.64
2025-03-16 01:05:43,,,,,
2025-03-16 01:05:44,15.73,1.91,15.69,20.05,13.35
2025-03-16 01:05:44,,,,,
2025-03-16 01:05:45,15.46,2.0,15.35,19.9,13.18
2025-03-16 01:05:46,14.38,2.09,14.05,19.6,12.53
2025-03-16 01:05:47,14.24,2.13,13.79,19.99,12.54
2025-03-16 01:05:48,14.9,2.05,14.75,19.74,12.86
2025-03-16 01:05:49,15.35,2.02,15.16,19.7,13.06
2025-03-16 01:05:50,14.29,2.02,13.92,19.91,12.53
2025-03-16 01:05:51,15.32,2.1,14.77,19.72,12.98
2025-03-16 01:05:52,21.63,3.15,22.68,20.78,17.06
2025-03-16 01:05:53,,,,,
2025-03-16 01:05:53,21.68,3.24,23.37,19.56,16.96
2025-03-16 01:05:53,,,,,
2025-03-16 01:05:54,17.87,2.41,18.32,19.84,14.61
2025-03-16 01:05:55,17.22,2.39,18.08,20.04,14.43
2025-03-16 01:05:56,17.28,1.96,16.83,20.16,14.06
2025-03-16 01:05:57,17.61,2.06,17.66,19.57,14.22
2025-03-16 01:05:58,,,,,
2025-03-16 01:05:58,18.68,3.15,18.88,20.67,15.35
2025-03-16 01:05:58,,,,,
2025-03-16 01:05:59,18.87,3.0,18.84,20.78,15.37
2025-03-16 01:06:00,19.11,2.52,19.22,19.57,15.11
2025-03-16 01:06:02,16.64,2.46,17.36,19.7,14.04
2025-03-16 01:06:02,16.48,2.67,16.53,20.15,13.96
2025-03-16 01:06:03,15.13,2.21,15.11,19.48,12.98
2025-03-16 01:06:05,13.7,2.29,13.3,19.71,12.25
2025-03-16 01:06:05,15.22,2.45,15.28,19.86,13.2
2025-03-16 01:06:06,,,,,
2025-03-16 01:06:06,14.85,2.1,15.37,19.71,13.01
2025-03-16 01:06:06,,,,,
2025-03-16 01:06:07,21.07,5.08,21.21,22.89,17.56
2025-03-16 01:06:08,,,,,
2025-03-16 01:06:08,39.69,12.08,40.05,26.14,29.49
2025-03-16 01:06:09,,,,,
2025-03-16 01:06:10,35.95,7.99,36.53,23.21,25.92
2025-03-16 01:06:10,,,,,
2025-03-16 01:06:11,38.34,10.2,39.5,25.35,28.35
2025-03-16 01:06:12,39.09,10.57,41.07,25.49,29.05
2025-03-16 01:06:13,39.82,10.89,42.13,25.58,29.6
2025-03-16 01:06:14,39.99,10.89,40.32,25.45,29.16
2025-03-16 01:06:15,42.03,8.97,42.85,21.06,28.73
2025-03-16 01:06:15,,,,,
2025-03-16 01:06:16,40.94,13.24,43.05,22.67,29.97
2025-03-16 01:06:17,,,,,
2025-03-16 01:06:17,,,,,
2025-03-16 01:06:17,45.73,11.35,46.63,20.37,31.02
2025-03-16 01:06:18,6.12,0.01,5.37,17.22,7.18
2025-03-16 01:06:19,5.96,0.01,5.15,17.23,7.09
2025-03-16 01:06:20,5.87,0.01,5.19,17.23,7.08
2025-03-16 01:06:21,5.87,0.02,5.06,17.17,7.03
2025-03-16 01:06:22,5.88,0.02,5.13,17.18,7.05
2025-03-16 01:06:23,,,,,
2025-03-16 01:06:23,5.87,0.01,5.16,17.19,7.06
2025-03-16 01:06:23,,,,,
2025-03-16 01:06:24,5.91,0.02,5.19,17.32,7.11
2025-03-16 01:06:25,5.89,0.01,5.1,17.25,7.06
2025-03-16 01:06:25,,,,,
2025-03-16 01:06:26,5.88,0.01,5.09,17.26,7.06
2025-03-16 01:06:27,,,,,
2025-03-16 01:06:27,5.88,0.02,5.13,17.2,7.06
2025-03-16 01:06:28,5.9,0.02,5.16,17.27,7.09
2025-03-16 01:06:29,5.85,0.01,5.13,17.2,7.05
2025-03-16 01:06:30,5.79,0.01,5.04,17.01,6.96
2025-03-16 01:06:31,5.92,0.01,5.12,17.26,7.08
2025-03-16 01:06:32,,,,,
2025-03-16 01:06:32,,,,,
2025-03-16 01:06:33,5.89,0.01,5.13,17.3,7.08
2025-03-16 01:06:33,,,,,
2025-03-16 01:06:33,5.86,0.01,5.1,17.24,7.05
2025-03-16 01:06:34,5.87,0.01,5.15,17.25,7.07
2025-03-16 01:06:36,5.86,0.01,5.19,17.17,7.06
2025-03-16 01:06:36,,,,,
2025-03-16 01:06:36,,,,,
2025-03-16 01:06:36,,,,,
2025-03-16 01:06:37,5.87,0.01,5.18,17.23,7.07
2025-03-16 01:06:38,5.88,0.02,5.09,17.23,7.05
2025-03-16 01:06:39,5.86,0.02,5.07,17.19,7.03
2025-03-16 01:06:40,5.87,0.01,5.15,17.17,7.05
2025-03-16 01:06:41,5.88,0.02,5.11,17.19,7.05
2025-03-16 01:06:42,5.86,0.01,5.2,17.3,7.09
2025-03-16 01:06:43,,,,,
2025-03-16 01:06:43,19.1,13.14,18.64,23.88,18.69
2025-03-16 01:06:43,,,,,
2025-03-16 01:06:44,58.3,30.66,59.53,35.13,45.9
2025-03-16 01:06:45,61.73,26.52,63.05,33.17,46.12
2025-03-16 01:06:46,22.67,13.71,23.02,24.36,20.94
2025-03-16 01:06:47,5.83,0.01,5.13,17.3,7.07
2025-03-16 01:06:48,5.88,0.01,5.09,17.21,7.05
2025-03-16 01:06:49,,,,,
2025-03-16 01:06:49,5.87,0.02,5.09,17.21,7.05
2025-03-16 01:06:50,5.87,0.01,5.15,17.12,7.04
2025-03-16 01:06:51,5.9,0.01,5.16,17.15,7.06
2025-03-16 01:06:52,6.04,0.11,5.22,17.38,7.19
2025-03-16 01:06:53,7.65,1.69,7.17,17.57,8.52
2025-03-16 01:06:54,7.74,1.0,6.89,18.59,8.55
2025-03-16 01:06:55,,,,,
2025-03-16 01:06:55,7.82,1.23,7.09,17.99,8.53
2025-03-16 01:06:56,7.98,1.57,7.27,18.27,8.77
2025-03-16 01:06:58,8.06,1.41,7.27,18.68,8.85
2025-03-16 01:06:58,,,,,
2025-03-16 01:06:58,7.86,1.49,7.11,18.44,8.73
2025-03-16 01:06:59,,,,,
2025-03-16 01:06:59,,,,,
2025-03-16 01:07:00,7.88,1.35,7.24,17.98,8.61
2025-03-16 01:07:00,,,,,
2025-03-16 01:07:00,,,,,
2025-03-16 01:07:00,,,,,
2025-03-16 01:07:00,7.72,1.12,7.01,18.1,8.49
2025-03-16 01:07:00,,,,,
2025-03-16 01:07:01,,,,,
2025-03-16 01:07:01,,,,,
2025-03-16 01:07:02,7.91,1.24,7.15,18.19,8.62
2025-03-16 01:07:03,7.94,1.27,7.23,18.23,8.67
2025-03-16 01:07:03,,,,,
2025-03-16 01:07:03,,,,,
2025-03-16 01:07:04,7.96,1.32,7.12,18.51,8.73
2025-03-16 01:07:05,8.06,1.44,7.29,18.23,8.76
2025-03-16 01:07:05,,,,,
2025-03-16 01:07:06,7.62,1.17,6.8,18.01,8.4
2025-03-16 01:07:07,8.34,1.6,7.58,18.42,8.99
2025-03-16 01:07:08,6.05,0.01,5.34,17.32,7.18
2025-03-16 01:07:09,5.93,0.02,5.23,17.2,7.1
2025-03-16 01:07:10,5.93,0.01,5.27,17.23,7.11
2025-03-16 01:07:11,6.41,0.55,5.64,17.78,7.59
2025-03-16 01:07:12,44.63,24.08,45.91,34.36,37.25
2025-03-16 01:07:13,15.49,6.72,14.17,19.57,13.99
2025-03-16 01:07:14,5.96,0.01,5.27,17.26,7.12
2025-03-16 01:07:15,19.33,10.03,21.1,25.4,18.97
2025-03-16 01:07:16,9.07,1.07,8.12,19.35,9.4
2025-03-16 01:07:16,,,,,
2025-03-16 01:07:17,6.0,0.01,5.22,17.29,7.13
2025-03-16 01:07:18,5.92,0.02,5.12,17.28,7.08
2025-03-16 01:07:19,5.9,0.01,5.2,17.24,7.09
2025-03-16 01:07:20,5.91,0.01,5.24,17.26,7.1
2025-03-16 01:07:21,5.89,0.02,5.12,17.24,7.07
2025-03-16 01:07:22,,,,,
2025-03-16 01:07:22,5.9,0.02,5.15,17.24,7.08
2025-03-16 01:07:23,,,,,
2025-03-16 01:07:23,5.89,0.01,5.11,17.23,7.06
2025-03-16 01:07:23,,,,,
2025-03-16 01:07:23,,,,,
2025-03-16 01:07:24,5.88,0.01,5.19,17.22,7.07
2025-03-16 01:07:26,5.88,0.01,5.14,17.22,7.06
2025-03-16 01:07:26,,,,,
2025-03-16 01:07:26,5.88,0.01,5.09,17.21,7.05
2025-03-16 01:07:28,19.28,12.16,19.01,25.15,18.9
2025-03-16 01:07:29,44.04,23.67,44.22,36.09,37.01
2025-03-16 01:07:30,21.2,11.92,21.5,26.78,20.35
2025-03-16 01:07:31,22.79,15.14,23.19,25.93,21.76
2025-03-16 01:07:32,7.34,0.75,6.51,17.91,8.13
2025-03-16 01:07:32,,,,,
2025-03-16 01:07:32,,,,,
2025-03-16 01:07:33,,,,,
2025-03-16 01:07:33,,,,,
2025-03-16 01:07:33,5.99,0.02,5.3,17.15,7.11
2025-03-16 01:07:33,,,,,
2025-03-16 01:07:33,,,,,
2025-03-16 01:07:34,5.93,0.02,5.14,17.25,7.08
2025-03-16 01:07:35,5.88,0.01,5.2,17.2,7.08
2025-03-16 01:07:36,5.88,0.01,5.1,17.16,7.04
2025-03-16 01:07:37,5.89,0.01,5.21,17.16,7.06
2025-03-16 01:07:38,,,,,
2025-03-16 01:07:38,,,,,
2025-03-16 01:07:38,,,,,
2025-03-16 01:07:38,,,,,
2025-03-16 01:07:38,5.85,0.01,5.15,17.13,7.04
2025-03-16 01:07:39,,,,,
2025-03-16 01:07:39,5.88,0.01,5.12,17.17,7.04
2025-03-16 01:07:40,5.87,0.01,5.1,17.14,7.03
2025-03-16 01:07:41,5.87,0.01,5.16,17.18,7.05
2025-03-16 01:07:42,5.88,0.01,5.18,17.21,7.07
2025-03-16 01:07:43,5.88,0.02,5.17,17.2,7.07
2025-03-16 01:07:44,,,,,
2025-03-16 01:07:44,5.88,0.01,5.12,17.2,7.05
2025-03-16 01:07:45,5.89,0.01,5.13,17.18,7.05
2025-03-16 01:07:47,5.89,0.01,5.18,17.2,7.07
2025-03-16 01:07:46,,,,,
2025-03-16 01:07:46,,,,,
2025-03-16 01:07:47,5.88,0.01,5.08,17.24,7.05
2025-03-16 01:07:48,5.87,0.01,5.12,17.2,7.05
2025-03-16 01:07:48,,,,,
2025-03-16 01:07:49,,,,,
2025-03-16 01:07:49,,,,,
2025-03-16 01:07:50,5.89,0.02,5.18,17.19,7.07
2025-03-16 01:07:50,,,,,
2025-03-16 01:07:50,,,,,
2025-03-16 01:07:50,5.85,0.01,5.18,17.11,7.04
2025-03-16 01:07:52,5.89,0.01,5.23,17.26,7.1
2025-03-16 01:07:52,5.9,0.01,5.16,17.19,7.07
2025-03-16 01:07:54,5.89,0.01,5.12,17.19,7.05
2025-03-16 01:07:55,5.9,0.01,5.18,17.24,7.08
2025-03-16 01:07:55,,,,,
2025-03-16 01:07:55,,,,,
2025-03-16 01:07:55,,,,,
2025-03-16 01:07:56,,,,,
2025-03-16 01:07:56,5.92,0.02,5.19,17.3,7.11
2025-03-16 01:07:57,5.9,0.01,5.21,17.26,7.1
2025-03-16 01:07:58,5.9,0.01,5.19,17.2,7.07
2025-03-16 01:07:59,5.89,0.01,5.13,17.25,7.07
2025-03-16 01:08:00,5.91,0.01,5.13,17.19,7.06
2025-03-16 01:08:01,,,,,
2025-03-16 01:08:01,,,,,
2025-03-16 01:08:01,5.9,0.01,5.15,17.21,7.07
2025-03-16 01:08:02,5.88,0.01,5.14,17.19,7.05
2025-03-16 01:08:03,5.93,0.02,5.19,17.33,7.12
2025-03-16 01:08:04,5.88,0.01,5.1,17.17,7.04
2025-03-16 01:08:05,5.88,0.02,5.18,17.26,7.08
2025-03-16 01:08:06,,,,,
2025-03-16 01:08:06,,,,,
2025-03-16 01:08:06,5.87,0.02,5.1,17.15,7.04
2025-03-16 01:08:06,,,,,
2025-03-16 01:08:07,5.86,0.01,5.04,17.18,7.02
2025-03-16 01:08:08,5.88,0.01,5.17,17.15,7.05
2025-03-16 01:08:09,5.89,0.03,5.12,17.17,7.05
2025-03-16 01:08:10,5.87,0.01,5.13,17.16,7.04
2025-03-16 01:08:11,,,,,
2025-03-16 01:08:11,,,,,
2025-03-16 01:08:11,,,,,
2025-03-16 01:08:11,5.88,0.02,5.08,17.21,7.05
2025-03-16 01:08:12,,,,,
2025-03-16 01:08:12,5.87,0.01,5.13,17.14,7.04
2025-03-16 01:08:13,5.88,0.01,5.06,17.21,7.04
2025-03-16 01:08:14,10.05,3.35,8.69,20.47,10.64
2025-03-16 01:08:16,27.38,13.62,27.14,26.55,23.67
2025-03-16 01:08:17,19.5,10.97,19.81,25.95,19.06
2025-03-16 01:08:17,,,,,
2025-03-16 01:08:17,20.35,12.0,20.21,26.59,19.79
2025-03-16 01:08:19,19.43,11.17,19.55,25.57,18.93
2025-03-16 01:08:20,17.06,8.89,16.83,23.25,16.5
2025-03-16 01:08:20,,,,,
2025-03-16 01:08:20,,,,,
2025-03-16 01:08:21,15.85,7.67,14.7,22.86,15.27
2025-03-16 01:08:22,,,,,
2025-03-16 01:08:22,,,,,
2025-03-16 01:08:22,15.7,7.42,14.6,23.23,15.24
2025-03-16 01:08:23,16.04,7.92,14.89,23.64,15.62
2025-03-16 01:08:23,,,,,
2025-03-16 01:08:23,,,,,
2025-03-16 01:08:24,17.41,9.29,16.44,24.06,16.8
2025-03-16 01:08:24,,,,,
2025-03-16 01:08:24,,,,,
2025-03-16 01:08:25,16.43,8.53,15.95,23.05,15.99
2025-03-16 01:08:26,16.21,8.32,15.06,23.03,15.66
2025-03-16 01:08:27,16.18,7.41,16.52,22.67,15.69
2025-03-16 01:08:28,5.73,0.1,4.42,16.07,6.58
2025-03-16 01:08:29,,,,,
2025-03-16 01:08:29,5.65,0.1,4.41,16.06,6.55
2025-03-16 01:08:30,5.66,0.11,4.45,16.19,6.6
2025-03-16 01:08:31,5.65,0.1,4.32,16.21,6.57
2025-03-16 01:08:32,5.65,0.1,4.3,16.04,6.53
2025-03-16 01:08:33,5.65,0.1,4.31,16.04,6.52
2025-03-16 01:08:34,5.64,0.11,4.4,16.2,6.59
2025-03-16 01:08:35,5.67,0.1,4.35,16.21,6.58
2025-03-16 01:08:37,5.64,0.1,4.37,15.95,6.52
2025-03-16 01:08:37,,,,,
2025-03-16 01:08:37,5.67,0.11,4.36,16.17,6.58
2025-03-16 01:08:38,,,,,
2025-03-16 01:08:38,5.65,0.11,4.31,16.21,6.57
2025-03-16 01:08:39,,,,,
2025-03-16 01:08:39,,,,,
2025-03-16 01:08:39,,,,,
2025-03-16 01:08:39,5.66,0.1,4.32,16.11,6.55
2025-03-16 01:08:39,,,,,
2025-03-16 01:08:40,5.64,0.11,4.41,16.2,6.59
2025-03-16 01:08:41,,,,,
2025-03-16 01:08:41,,,,,
2025-03-16 01:08:41,,,,,
2025-03-16 01:08:41,5.65,0.11,4.42,16.12,6.58
2025-03-16 01:08:43,5.68,0.1,4.32,16.21,6.58
2025-03-16 01:08:43,14.29,7.04,12.87,22.55,14.19
2025-03-16 01:08:45,56.97,33.16,58.54,36.55,46.3
2025-03-16 01:08:45,,,,,
2025-03-16 01:08:46,23.24,13.28,22.69,27.46,21.67
2025-03-16 01:08:46,,,,,
2025-03-16 01:08:47,24.93,10.81,24.34,25.93,21.51
2025-03-16 01:08:47,,,,,
2025-03-16 01:08:47,,,,,
2025-03-16 01:08:48,27.58,12.44,26.87,26.5,23.35
2025-03-16 01:08:49,25.43,10.43,24.8,24.52,21.3
2025-03-16 01:08:50,26.99,13.3,26.45,27.24,23.49
2025-03-16 01:08:51,30.92,15.26,31.0,27.81,26.25
2025-03-16 01:08:52,,,,,
2025-03-16 01:08:52,,,,,
2025-03-16 01:08:52,10.71,3.96,9.18,17.81,10.42
2025-03-16 01:08:53,5.71,0.1,4.41,15.94,6.54
2025-03-16 01:08:54,5.66,0.1,4.32,15.98,6.52
2025-03-16 01:08:55,5.65,0.1,4.41,15.98,6.54
2025-03-16 01:08:55,,,,,
2025-03-16 01:08:56,,,,,
2025-03-16 01:08:56,5.67,0.1,4.44,16.0,6.55
2025-03-16 01:08:57,,,,,
2025-03-16 01:08:57,5.67,0.1,4.39,15.97,6.53
2025-03-16 01:08:58,5.66,0.11,4.3,15.99,6.52
2025-03-16 01:08:59,5.66,0.11,4.39,15.99,6.54
2025-03-16 01:09:00,5.67,0.11,4.42,16.0,6.55
2025-03-16 01:09:00,,,,,
2025-03-16 01:09:00,,,,,
2025-03-16 01:09:00,,,,,
2025-03-16 01:09:00,,,,,
2025-03-16 01:09:01,5.73,0.1,4.38,15.99,6.55
2025-03-16 01:09:03,5.68,0.1,4.41,15.97,6.54
2025-03-16 01:09:02,,,,,
2025-03-16 01:09:02,,,,,
2025-03-16 01:09:03,5.68,0.11,4.36,15.99,6.54
2025-03-16 01:09:04,,,,,
2025-03-16 01:09:04,5.68,0.1,4.29,16.04,6.53
2025-03-16 01:09:05,5.69,0.11,4.39,15.95,6.53
2025-03-16 01:09:06,,,,,
2025-03-16 01:09:07,5.66,0.11,4.37,15.99,6.53
2025-03-16 01:09:07,5.68,0.1,4.43,16.0,6.55
2025-03-16 01:09:08,5.69,0.11,4.37,15.93,6.52
2025-03-16 01:09:10,5.68,0.1,4.34,15.97,6.52
2025-03-16 01:09:11,5.66,0.11,4.31,15.96,6.51
2025-03-16 01:09:12,5.67,0.11,4.4,15.91,6.52
2025-03-16 01:09:12,,,,,
2025-03-16 01:09:12,,,,,
2025-03-16 01:09:13,,,,,
2025-03-16 01:09:13,5.67,0.1,4.46,15.98,6.55
2025-03-16 01:09:13,,,,,
2025-03-16 01:09:14,5.64,0.1,4.31,15.92,6.49
2025-03-16 01:09:15,5.67,0.11,4.36,15.97,6.53
2025-03-16 01:09:16,5.68,0.11,4.36,15.94,6.52
2025-03-16 01:09:17,5.68,0.11,4.34,15.98,6.53
2025-03-16 01:09:18,5.67,0.11,4.39,15.97,6.53
2025-03-16 01:09:19,5.64,0.11,4.4,15.99,6.54
2025-03-16 01:09:19,,,,,
2025-03-16 01:09:19,,,,,
2025-03-16 01:09:19,,,,,
2025-03-16 01:09:19,,,,,
2025-03-16 01:09:20,5.69,0.11,4.36,16.0,6.54
2025-03-16 01:09:21,5.69,0.1,4.35,15.99,6.53
2025-03-16 01:09:22,5.72,0.11,4.39,16.04,6.56
2025-03-16 01:09:24,5.71,0.11,4.42,16.0,6.56
2025-03-16 01:09:24,5.7,0.11,4.41,16.0,6.56
2025-03-16 01:09:25,5.68,0.11,4.38,15.98,6.54
2025-03-16 01:09:26,,,,,
2025-03-16 01:09:26,,,,,
2025-03-16 01:09:26,5.71,0.11,4.37,15.96,6.54
2025-03-16 01:09:27,5.69,0.11,4.41,15.93,6.53
2025-03-16 01:09:29,5.68,0.1,4.36,15.99,6.53
2025-03-16 01:09:29,,,,,
2025-03-16 01:09:29,,,,,
2025-03-16 01:09:29,,,,,
2025-03-16 01:09:29,5.66,0.11,4.4,15.99,6.54
2025-03-16 01:09:30,,,,,
2025-03-16 01:09:30,5.68,0.11,4.4,16.04,6.56
2025-03-16 01:09:31,,,,,
2025-03-16 01:09:31,,,,,
2025-03-16 01:09:31,27.68,16.47,26.66,28.19,24.75
2025-03-16 01:09:33,32.24,14.57,31.94,24.16,25.73
2025-03-16 01:09:34,5.89,0.1,4.56,15.95,6.62
2025-03-16 01:09:34,,,,,
2025-03-16 01:09:34,,,,,
2025-03-16 01:09:35,5.73,0.11,4.52,16.02,6.59
2025-03-16 01:09:36,5.68,0.1,4.35,15.96,6.52
2025-03-16 01:09:36,,,,,
2025-03-16 01:09:37,,,,,
2025-03-16 01:09:37,5.66,0.1,4.33,15.99,6.52
2025-03-16 01:09:37,,,,,
2025-03-16 01:09:38,5.67,0.11,4.46,15.96,6.55
2025-03-16 01:09:39,5.69,0.11,4.43,15.96,6.55
2025-03-16 01:09:40,6.65,0.65,5.37,16.73,7.35
2025-03-16 01:09:41,7.89,1.79,6.74,16.83,8.31
2025-03-16 01:09:41,,,,,
2025-03-16 01:09:42,6.92,0.92,5.58,16.53,7.49
2025-03-16 01:09:43,7.55,1.46,6.2,17.04,8.06
2025-03-16 01:09:44,6.49,0.46,5.16,16.46,7.14
2025-03-16 01:09:45,,,,,
2025-03-16 01:09:45,5.74,0.11,4.5,15.92,6.57
2025-03-16 01:09:46,,,,,
2025-03-16 01:09:46,,,,,
2025-03-16 01:09:46,5.72,0.11,4.36,15.94,6.53
2025-03-16 01:09:47,5.71,0.11,4.35,15.94,6.53
2025-03-16 01:09:48,5.71,0.1,4.44,15.92,6.54
2025-03-16 01:09:49,7.65,1.57,6.49,17.89,8.4
2025-03-16 01:09:49,,,,,
2025-03-16 01:09:51,8.24,2.34,6.88,17.18,8.66
2025-03-16 01:09:51,7.46,1.25,6.05,16.95,7.93
2025-03-16 01:09:52,7.64,1.51,6.79,16.77,8.18
2025-03-16 01:09:52,,,,,
2025-03-16 01:09:53,6.05,0.15,4.64,15.95,6.7
2025-03-16 01:09:55,5.81,0.11,4.46,15.92,6.57
2025-03-16 01:09:56,5.74,0.11,4.43,15.96,6.56
2025-03-16 01:09:57,5.72,0.11,4.42,16.0,6.56
2025-03-16 01:09:57,5.73,0.1,4.4,15.97,6.55
2025-03-16 01:09:58,5.72,0.11,4.4,16.01,6.56
2025-03-16 01:09:59,14.72,8.19,13.46,22.32,14.67
2025-03-16 01:10:01,20.23,10.69,19.7,26.16,19.19
2025-03-16 01:10:02,26.01,11.03,25.55,22.31,21.23
2025-03-16 01:10:02,,,,,
2025-03-16 01:10:02,,,,,
2025-03-16 01:10:02,,,,,
2025-03-16 01:10:03,38.77,19.68,38.12,31.12,31.92
2025-03-16 01:10:04,33.43,21.74,32.75,31.12,29.76
2025-03-16 01:10:04,,,,,
2025-03-16 01:10:05,27.3,14.16,27.39,27.11,23.99
2025-03-16 01:10:05,,,,,
2025-03-16 01:10:06,22.3,11.38,21.55,25.15,20.09
2025-03-16 01:10:06,,,,,
2025-03-16 01:10:07,37.09,20.1,37.28,30.01,31.12
2025-03-16 01:10:08,45.04,22.52,45.96,30.13,35.91
2025-03-16 01:10:09,44.99,22.39,45.77,29.21,35.59
2025-03-16 01:10:10,45.48,22.86,46.93,29.43,36.17
2025-03-16 01:10:11,47.27,20.96,50.61,28.52,36.84
2025-03-16 01:10:12,42.3,18.64,43.91,27.05,32.97
2025-03-16 01:10:13,31.16,14.17,31.14,28.0,26.12
2025-03-16 01:10:14,30.11,15.63,29.84,29.9,26.37
2025-03-16 01:10:15,30.34,14.93,30.56,28.69,26.13
2025-03-16 01:10:17,29.95,14.73,29.81,25.94,25.11
2025-03-16 01:10:17,33.25,12.59,33.36,23.96,25.79
2025-03-16 01:10:18,31.88,16.02,32.01,26.51,26.61
2025-03-16 01:10:18,,,,,
2025-03-16 01:10:19,,,,,
2025-03-16 01:10:19,,,,,
2025-03-16 01:10:19,28.04,13.78,28.13,26.12,24.02
2025-03-16 01:10:20,39.1,20.62,38.9,29.57,32.05
2025-03-16 01:10:22,30.83,16.19,30.26,28.66,26.48
2025-03-16 01:10:23,28.42,12.77,27.52,26.51,23.8
2025-03-16 01:10:24,30.21,13.88,29.63,26.56,25.07
2025-03-16 01:10:25,31.99,13.88,31.43,26.25,25.88
2025-03-16 01:10:26,34.64,15.73,34.67,27.72,28.19
2025-03-16 01:10:26,,,,,
2025-03-16 01:10:27,30.49,13.06,29.71,25.32,24.65
2025-03-16 01:10:27,,,,,
2025-03-16 01:10:27,,,,,
2025-03-16 01:10:27,,,,,
2025-03-16 01:10:28,22.44,11.88,22.17,25.16,20.41
2025-03-16 01:10:29,10.39,2.2,8.84,17.35,9.7
2025-03-16 01:10:30,5.77,0.1,4.54,15.9,6.58
2025-03-16 01:10:30,,,,,
2025-03-16 01:10:30,,,,,
2025-03-16 01:10:31,5.75,0.1,4.38,15.95,6.55
2025-03-16 01:10:32,5.76,0.11,4.43,15.94,6.56
2025-03-16 01:10:33,16.3,8.59,15.0,23.05,15.74
2025-03-16 01:10:34,32.8,16.78,32.3,27.35,27.31
2025-03-16 01:10:35,38.84,12.07,39.66,25.0,28.89
2025-03-16 01:10:35,,,,,
2025-03-16 01:10:36,,,,,
2025-03-16 01:10:36,22.41,10.54,22.8,25.72,20.37
2025-03-16 01:10:37,29.99,12.33,29.34,24.48,24.03
2025-03-16 01:10:38,5.85,0.1,4.64,16.1,6.67
2025-03-16 01:10:39,5.76,0.11,4.43,15.97,6.57
2025-03-16 01:10:40,5.76,0.11,4.48,15.94,6.57
2025-03-16 01:10:41,5.75,0.1,4.42,15.93,6.55
2025-03-16 01:10:43,8.28,2.6,7.0,17.12,8.75
2025-03-16 01:10:43,,,,,
2025-03-16 01:10:44,8.64,2.4,7.54,17.29,8.97
2025-03-16 01:10:44,7.99,1.66,6.51,16.87,8.26
2025-03-16 01:10:44,,,,,
2025-03-16 01:10:45,8.34,2.21,6.96,17.39,8.72
2025-03-16 01:10:46,8.6,2.39,7.22,17.63,8.96
2025-03-16 01:10:47,7.32,0.92,6.1,16.5,7.71
2025-03-16 01:10:48,,,,,
2025-03-16 01:10:48,7.39,0.86,5.96,16.67,7.72
2025-03-16 01:10:49,6.3,0.36,4.86,16.32,6.96
2025-03-16 01:10:51,5.73,0.1,4.44,16.0,6.57
2025-03-16 01:10:51,,,,,
2025-03-16 01:10:51,,,,,
2025-03-16 01:10:52,8.19,2.01,6.82,18.15,8.79
2025-03-16 01:10:52,,,,,
2025-03-16 01:10:52,,,,,
2025-03-16 01:10:53,7.03,1.11,5.66,16.68,7.62
2025-03-16 01:10:54,7.4,1.21,6.13,17.18,7.98
2025-03-16 01:10:55,5.94,0.1,4.6,15.96,6.65
2025-03-16 01:10:56,5.79,0.11,4.57,16.01,6.62
2025-03-16 01:10:57,5.72,0.11,4.37,16.01,6.55
2025-03-16 01:10:57,,,,,
2025-03-16 01:10:58,5.72,0.1,4.48,16.02,6.58
2025-03-16 01:10:59,5.69,0.11,4.38,16.16,6.58
2025-03-16 01:10:59,,,,,
2025-03-16 01:11:00,23.6,15.1,22.73,26.43,21.97
2025-03-16 01:11:00,,,,,
2025-03-16 01:11:00,,,,,
2025-03-16 01:11:01,35.21,21.34,34.46,32.46,30.87
2025-03-16 01:11:02,44.97,23.33,44.68,30.58,35.89
2025-03-16 01:11:03,41.24,24.66,41.7,33.87,35.37
2025-03-16 01:11:04,42.81,24.59,42.23,33.49,35.78
2025-03-16 01:11:04,,,,,
2025-03-16 01:11:04,,,,,
2025-03-16 01:11:05,45.03,26.1,45.8,33.71,37.66
2025-03-16 01:11:06,47.73,25.19,48.29,32.64,38.46
2025-03-16 01:11:06,,,,,
2025-03-16 01:11:06,,,,,
2025-03-16 01:11:07,42.83,23.73,42.48,28.92,34.49
2025-03-16 01:11:08,,,,,
2025-03-16 01:11:08,,,,,
2025-03-16 01:11:08,,,,,
2025-03-16 01:11:08,,,,,
2025-03-16 01:11:09,39.94,25.2,38.74,29.08,33.24
2025-03-16 01:11:09,,,,,
2025-03-16 01:11:09,,,,,
2025-03-16 01:11:10,44.98,25.36,44.91,30.84,36.52
2025-03-16 01:11:09,,,,,
2025-03-16 01:11:11,44.53,25.34,44.94,30.54,36.34
2025-03-16 01:11:12,40.82,25.58,40.01,30.87,34.32
2025-03-16 01:11:12,49.37,27.76,49.24,33.8,40.04
2025-03-16 01:11:13,53.16,28.59,54.77,36.86,43.34
2025-03-16 01:11:15,54.27,31.76,56.04,38.47,45.14
2025-03-16 01:11:16,52.33,30.88,54.28,38.51,44.0
